{"cameraMode":{"drawMode":0,"name":"Shaded","section":"Shading Mode"},"sceneLighting":true,"audioPlay":false,"sceneViewState":{"showFog":true,"showMaterialUpdate":false,"showSkybox":true,"showFlares":true,"showImageEffects":true,"showParticleSystems":true},"in2DMode":false,"pivot":{"x":10.063255310058594,"y":-9.028669357299805,"z":-29.674297332763673},"rotation":{"x":0.0256023108959198,"y":0.9531117677688599,"z":-0.28951409459114077,"w":0.08428604155778885},"size":29.466346740722658,"orthographic":false}